排名靠前的网页,点击次数,展示,点击率,排名
https://www.tyuanwaterproof.com/products/sbs-bitumen-waterproofing-membrane-manufacturer/,7,1629,0.43%,28.12
https://www.tyuanwaterproof.com/,4,178,2.25%,23.53
https://www.tyuanwaterproof.com/products/self-adhesive-bitumen-waterproofing-membrane-wholesale/,3,917,0.33%,16.5
https://www.tyuanwaterproof.com/products/,3,138,2.17%,32.12
https://www.tyuanwaterproof.com/blog/sbs-vs-app-modified-bitumen-membranes/,2,880,0.23%,30.3
https://www.tyuanwaterproof.com/blog/self-adhesive-vs-torch-applied-membrane-comparison/,2,148,1.35%,8.11
https://www.tyuanwaterproof.com/blog/tunnel-waterproofing-membrane-selection/,2,121,1.65%,44.32
https://www.tyuanwaterproof.com/products/pp-pe-composite-membrane-factory/,2,94,2.13%,25.97
https://www.tyuanwaterproof.com/blog/bubbles-in-sbs-membrane-torch-application-guide/,2,91,2.2%,7.73
https://www.tyuanwaterproof.com/products/polyurethane-waterproof-coating-factory/,1,897,0.11%,20.93
https://www.tyuanwaterproof.com/products/pvc-waterproofing-membrane-manufacturer/,1,454,0.22%,32.24
https://www.tyuanwaterproof.com/about/,1,153,0.65%,26.03
https://www.tyuanwaterproof.com/products/hdpe-geomembrane-liner-manufacturer/,1,73,1.37%,23.05
https://www.tyuanwaterproof.com/products/geotextile-fabric-manufacturer/,1,46,2.17%,29.65
https://www.tyuanwaterproof.com/products/polymer-cement-js-waterproof-coating-factory/,0,435,0%,13.22
https://www.tyuanwaterproof.com/products/self-adhesive-bitumen-tape-wholesale/,0,311,0%,21.04
https://www.tyuanwaterproof.com/blog/2026-global-sbs-membrane-market-analysis/,0,281,0%,12.83
https://www.tyuanwaterproof.com/applications/tunnel-waterproofing/,0,224,0%,69.13
https://www.tyuanwaterproof.com/categories/polymer-membranes/,0,137,0%,60.24
https://www.tyuanwaterproof.com/categories/bitumen-membranes/,0,128,0%,62.27
https://www.tyuanwaterproof.com/contact/,0,92,0%,64.41
https://www.tyuanwaterproof.com/products/non-curing-rubber-asphalt-waterproof-coating/,0,91,0%,11.98
https://www.tyuanwaterproof.com/technical/installation-guide/,0,66,0%,4.8
https://www.tyuanwaterproof.com/categories/geosynthetics,0,58,0%,37.16
https://www.tyuanwaterproof.com/applications/basement-waterproofing/,0,57,0%,36.84
https://www.tyuanwaterproof.com/products/butyl-waterproof-sealing-tape-supplier/,0,56,0%,25.11
https://www.tyuanwaterproof.com/technical/faq/,0,50,0%,26.38
https://www.tyuanwaterproof.com/projects,0,48,0%,13.38
https://www.tyuanwaterproof.com/contact,0,44,0%,11.57
https://www.tyuanwaterproof.com/blog/,0,44,0%,12.45
https://www.tyuanwaterproof.com/privacy-policy/,0,43,0%,3.91
https://www.tyuanwaterproof.com/terms-of-use/,0,42,0%,4.52
https://www.tyuanwaterproof.com/applications/roof-waterproofing/,0,36,0%,14.33
https://www.tyuanwaterproof.com/categories/asphalt-membranes/,0,35,0%,63.34
https://www.tyuanwaterproof.com/sitemap/,0,33,0%,17.76
https://www.tyuanwaterproof.com/products,0,32,0%,22.75
https://www.tyuanwaterproof.com/applications/bathroom-waterproofing/,0,31,0%,5.87
https://www.tyuanwaterproof.com/products/pre-applied-hdpe-membrane-supplier/,0,31,0%,33.77
https://www.tyuanwaterproof.com/technical/download-center/,0,28,0%,7.75
https://www.tyuanwaterproof.com/blog/3mm-vs-4mm-sbs-waterproofing-membrane/,0,27,0%,9.15
https://www.tyuanwaterproof.com/technical,0,26,0%,9.73
https://www.tyuanwaterproof.com/applications/bridge-infrastructure/,0,25,0%,18.48
https://www.tyuanwaterproof.com/applications/underground-waterproofing/,0,25,0%,19.4
https://www.tyuanwaterproof.com/products/metal-roof-steel-structure-waterproof-coating/,0,24,0%,48
https://www.tyuanwaterproof.com/applications,0,23,0%,9.87
https://www.tyuanwaterproof.com/products/tpo-waterproofing-membrane-manufacturer/,0,23,0%,27.09
https://www.tyuanwaterproof.com/applications/joint-detail-sealing/,0,23,0%,43.39
https://www.tyuanwaterproof.com/about,0,21,0%,18.14
https://www.tyuanwaterproof.com/categories/waterproof-tapes,0,19,0%,9.47
https://www.tyuanwaterproof.com/products/spraying-quick-setting-rubber-asphalt-waterproof-coating/,0,19,0%,11.89
https://www.tyuanwaterproof.com/categories/geosynthetics/,0,19,0%,26.26
https://www.tyuanwaterproof.com/products/epoxy-floor-coating-manufacturer/,0,16,0%,18.81
https://www.tyuanwaterproof.com/categories/bitumen-membranes,0,16,0%,31.19
https://www.tyuanwaterproof.com/categories/accessories/,0,13,0%,11.08
https://www.tyuanwaterproof.com/categories/asphalt-shingles/,0,13,0%,34
https://www.tyuanwaterproof.com/applications/industrial-building/,0,9,0%,9.22
https://www.tyuanwaterproof.com/applications/window-door-sealing/,0,7,0%,16
https://tyuanwaterproof.com/categories/asphalt-shingles/,0,6,0%,17.33
https://tyuanwaterproof.com/products/epoxy-floor-coating-manufacturer/,0,6,0%,42
https://tyuanwaterproof.com/products/polymer-cement-js-waterproof-coating-factory/,0,3,0%,20.33
https://www.tyuanwaterproof.com/blog/py-g-pyg-sbs-membrane-reinforcement-guide/,0,2,0%,3
https://www.tyuanwaterproof.com/blog/sbs-membrane-type-i-vs-type-ii-guide/,0,2,0%,5.5