热门查询,点击次数,展示,点击率,排名
self adhesive waterproofing membrane,1,11,9.09%,61.18
tunnel waterproofing,0,190,0%,74.49
sbs waterproofing membrane market,0,169,0%,46.22
sbs waterproofing membrane,0,117,0%,43.58
sbs membrane,0,76,0%,59.37
sbs bitumen membrane,0,75,0%,54.87
bitumen tape,0,67,0%,21.27
tyuanwaterproof.com,0,61,0%,8.21
sbs modified bituminous membrane,0,61,0%,56.21
sbs waterproofing,0,60,0%,47.97
sbs membrane roofing,0,55,0%,68.16
pvc membranes,0,44,0%,57.52
sbs bitumen,0,34,0%,34.56
sbs modified bituminous membrane roofing,0,33,0%,65.03
polyurethane waterproof coating for roof,0,31,0%,55.16
membrane for underground structure,0,29,0%,35.52
pvc waterproofing membrane specifications,0,27,0%,45.85
weldable membrane for tunnels,0,25,0%,43.52
sbs membrane waterproofing,0,18,0%,19.33
sbs waterproof,0,18,0%,31.5
pvc membrane waterproofing,0,18,0%,51.83
polyurethane waterproof coating,0,16,0%,26.06
custom large sbs asphalt waterproof membrane equipment factory,0,14,0%,8.71
pu waterproof coating,0,14,0%,18.64
self adhesive bitumen tanking membrane,0,13,0%,36.23
membrane for underground constructions,0,13,0%,41.38
large sbs asphalt waterproof membrane equipment customized factory,0,12,0%,7.33
pvc membrane,0,12,0%,59.83
sbs membrane price,0,11,0%,15.82
pvc waterproofing membrane,0,11,0%,45.09
pvc waterproofing,0,11,0%,46.36
sbs membrane full form,0,11,0%,52.91
polyurethane waterproofing,0,11,0%,54.18
liquid polyurethane waterproofing service,0,11,0%,57.09
asphalt self-adhesive waterproof membrane equipment wholesalers,0,10,0%,2.2
asphalt self-adhesive waterproof membrane equipment manufacture,0,10,0%,5.3
asphalt self-adhesive waterproof membrane equipment supply,0,10,0%,5.5
asphalt self-adhesive waterproof membrane equipment factory,0,10,0%,5.8
sbs waterproof membrane equipment wholesale factory,0,10,0%,6.1
wholesale sbs asphalt waterproofing membrane equipment factory,0,10,0%,6.4
asphalt self-adhesive waterproof membrane equipment purchasing,0,10,0%,8
pvc-p waterproofing membranes,0,10,0%,18
pu waterproof,0,10,0%,30.2
sbs membranes,0,10,0%,62.5
app membrane roofing,0,10,0%,74.5
wholesale asphalt self-adhesive waterproof membrane equipment,0,9,0%,2.56
asphalt self-adhesive waterproof membrane equipment custom factory,0,9,0%,3.22
wholesale large sbs asphalt waterproof membrane equipment factory,0,9,0%,4.22
customized asphalt self-adhesive waterproof membrane equipment factory,0,9,0%,5.67
large sbs asphalt waterproof membrane equipment wholesale factory,0,9,0%,5.67
sbs asphalt waterproofing membrane equipment wholesale factory,0,9,0%,8.11
asphalt self-adhesive waterproof membrane equipment quotes,0,9,0%,8.22
large sbs asphalt waterproof membrane equipment wholesale,0,9,0%,8.67
self adhesive bitumen tape,0,9,0%,18.33
self adhesive bituminous waterproofing membrane,0,9,0%,30.44
self-adhesive bitumen membrane,0,9,0%,40.22
supply asphalt self-adhesive waterproof membrane equipment factory,0,8,0%,2
wholesale asphalt self-adhesive waterproof membrane equipment factory,0,8,0%,2.12
asphalt self-adhesive waterproof membrane equipment wholesale,0,8,0%,4.12
custom sbs waterproof membrane equipment factory,0,8,0%,4.75
sbs waterproof membrane equipment custom factory,0,8,0%,5.5
asphalt self-adhesive waterproof membrane equipment manufacturers,0,8,0%,5.88
wholesale large sbs asphalt waterproof membrane equipment,0,8,0%,7.75
sbs waterproof membrane,0,8,0%,8.25
self-adhesive waterproof membrane,0,8,0%,58.5
sbs bituminous membrane,0,8,0%,69.75
high quality asphalt self-adhesive waterproof membrane equipment wholesalers,0,7,0%,3.43
custom asphalt self-adhesive waterproof membrane equipment factory,0,7,0%,3.57
supply asphalt self-adhesive waterproof membrane equipment,0,7,0%,3.71
wholesale sbs waterproof membrane equipment factory,0,7,0%,4.71
high quality asphalt self-adhesive waterproof membrane equipment factory,0,7,0%,6.29
low cost asphalt self-adhesive waterproof membrane equipment,0,7,0%,7
high quality asphalt self-adhesive waterproof membrane equipment supplier,0,7,0%,8.43
discount large sbs asphalt waterproof membrane equipment,0,7,0%,8.71
pvc waterproof membrane,0,7,0%,39.14
pvc waterproofing system,0,7,0%,39.86
app membrane,0,7,0%,76.57
app modified bitumen,0,7,0%,88.71
asphalt self-adhesive waterproof membrane equipment wholesale factory,0,6,0%,2.17
asphalt self-adhesive waterproof membrane equipment suppliers,0,6,0%,3.17
sales asphalt self-adhesive waterproof membrane equipment,0,6,0%,6.5
wholesale sbs asphalt waterproof coil factory,0,6,0%,6.67
supply sbs asphalt waterproofing membrane equipment factory,0,6,0%,8.17
asphalt self-adhesive waterproof membrane equipment price,0,6,0%,8.83
bitumen flashing tape,0,6,0%,16.5
self adhesive bitumen membrane,0,6,0%,29.83
sbs sheet waterproofing,0,6,0%,38.17
pvc membrane manufacturers,0,6,0%,48.83
polyethylene membrane,0,6,0%,55.5
urethane waterproofing membrane,0,6,0%,59.83
pu waterproofing,0,6,0%,65.33
app roof membrane,0,6,0%,73
customized asphalt self-adhesive waterproof membrane equipment,0,5,0%,4.8
fair price asphalt self-adhesive waterproof membrane equipment,0,5,0%,5
asphalt self-adhesive waterproof membrane equipment customized factory,0,5,0%,5.2
supply sbs asphalt waterproof coil factory,0,5,0%,9.4
buy large sbs asphalt waterproof membrane equipment,0,5,0%,10.2
sbs vs app,0,5,0%,10.2
app vs sbs,0,5,0%,21.6
waterproof polymer,0,5,0%,24.2
bitumen self adhesive membrane,0,5,0%,34.2
app waterproofing,0,5,0%,68
sbs modified bitumen membranes,0,5,0%,71.8
app modified bituminous roofing,0,5,0%,74
app modified bitumen roofing,0,5,0%,92.4
self adhesive membrane,0,4,0%,3.75
asphalt self-adhesive waterproof membrane equipment,0,4,0%,5.25
low price asphalt self-adhesive waterproof membrane equipment,0,4,0%,6
customized large sbs asphalt waterproof membrane equipment factory,0,4,0%,6.75
wholesale sbs waterproof equipment production line,0,4,0%,6.75
high quality asphalt self-adhesive waterproof membrane equipment price,0,4,0%,7.25
sbs asphalt waterproof coil wholesale factory,0,4,0%,8
buy asphalt self-adhesive waterproof membrane equipment,0,4,0%,8.75
supply sbs waterproof membrane equipment,0,4,0%,9
large sbs asphalt waterproof membrane equipment price,0,4,0%,9.25
large sbs asphalt waterproof membrane equipment custom factory,0,4,0%,10.25
custom sbs modified asphalt waterproofing membrane equipment factory,0,4,0%,16.25
peel & stick membrane distributor,0,4,0%,17.5
foil faced membrane wholesaler,0,4,0%,18.75
bitumen tanking membrane,0,4,0%,27.75
waterproof membrane protection rubber pads factory,0,4,0%,35.75
self adhesive bituminous membrane,0,4,0%,40
bitumen self adhesive sheet membrane for sale,0,4,0%,41.25
self adhesive bitumen sheet,0,4,0%,43
waterproof pu coating,0,4,0%,44
pe membrane,0,4,0%,47.75
coating tetti metallo waterproof,0,4,0%,49.5
self adhered roofing membrane market,0,4,0%,53.75
interior basement wall waterproofing membrane wholesale in china,0,4,0%,57.75
tpo waterproofing membrane,0,4,0%,58.5
polyurethane waterproofing coating,0,4,0%,59.25
sbs modified bitumen roofing,0,4,0%,63.75
polyurethane waterproofing membrane,0,4,0%,66.5
pu based waterproofing,0,4,0%,66.75
self adhesive membrane waterproofing,0,4,0%,68.5
sbs roof membranes,0,4,0%,72
wall waterproofing membrane factory in china,0,4,0%,72
underground waterproofing membrane wholesale in china,0,4,0%,75
waterborne bitumen waterproofing coating wholesaler in china,0,4,0%,79.5
waterproof membrane manufacturer china,0,4,0%,88.25
app vs sbs waterproofing membrane,0,3,0%,1
high quality asphalt self-adhesive waterproof membrane equipment,0,3,0%,3
asphalt self-adhesive waterproof membrane equipment customized,0,3,0%,5
cheap asphalt self-adhesive waterproof membrane equipment,0,3,0%,5
china sbs asphalt waterproof coil wholesale,0,3,0%,6
large sbs asphalt waterproof membrane equipment wholesalers,0,3,0%,6.33
supply large sbs asphalt waterproof membrane equipment,0,3,0%,6.33
supply sbs waterproof membrane equipment factory,0,3,0%,6.67
wholesale polymer self-adhesive waterproof equipment factory,0,3,0%,6.67
large sbs asphalt waterproof membrane equipment factory,0,3,0%,7
custom sbs asphalt waterproof coil factory,0,3,0%,7.33
customized sbs waterproof membrane equipment factory,0,3,0%,7.67
high quality large sbs asphalt waterproof membrane equipment wholesalers,0,3,0%,7.67
geotextile,0,3,0%,8
purchase sbs waterproof equipment production line,0,3,0%,9.33
cheap large sbs asphalt waterproof membrane equipment,0,3,0%,11
low price large sbs asphalt waterproof membrane equipment,0,3,0%,11
what is sbs waterproofing membrane,0,3,0%,13
bitumen self adhesive tape,0,3,0%,14.33
self adhesive bitumen waterproof membrane wholesale,0,3,0%,19.33
pvc-p membranes,0,3,0%,21.33
self-adhesive bituminous membranes,0,3,0%,27.67
asphalt waterproofing tape,0,3,0%,28.67
bitumen tapes,0,3,0%,32
polyurethane waterproofing membrane wholesale,0,3,0%,32.33
sbs modified bituminous waterproof membrane wholesale,0,3,0%,32.67
waterproofing membrane market,0,3,0%,35.67
bitumen self adhesive sheet membrane,0,3,0%,37.33
self adhesive bitumen sheet wholesaler in china,0,3,0%,41
bituminous waterproofing coating wholesale,0,3,0%,42.33
selfadhesive modified bituminous waterproof membrane factory in china,0,3,0%,49.67
pu coating waterproof,0,3,0%,50
pp membrane,0,3,0%,50.67
polyvinyl chloride waterproof manufacturer,0,3,0%,51
self adhesive bitumen waterproof membrane,0,3,0%,52
interior basement waterproofing membrane factory in china,0,3,0%,52.33
waterborne bitumen waterproofing coating wholesale in china,0,3,0%,53.33
self adhesive bitumen sheet wholesaler,0,3,0%,57
self adhesive bituminous waterproofing membrane factory in china,0,3,0%,59.67
app modified bituminous membrane,0,3,0%,62.67
pu waterproofing membrane,0,3,0%,63.33
app membranes,0,3,0%,64.67
basement waterproofing membrane wholesale in china,0,3,0%,65.67
interior basement wall waterproofing membrane factory in china,0,3,0%,66.33
pvc water resistant manufacturer,0,3,0%,66.33
repairing waterproofing membrane factory in china,0,3,0%,72
hdpe waterproofing membrane,0,3,0%,76.67
thermoplastic polyurethane waterproof,0,3,0%,79.33
underground waterproofing membrane wholesaler in china,0,3,0%,82
best waterproof coating for metal roof,0,3,0%,82.33
china waterproof membranes,0,3,0%,83.67
underground waterproofing membrane factory in china,0,3,0%,83.67
"what causes blistering in applied waterproofing membranes and how can it be 
prevented?",0,2,0%,1
custom asphalt self-adhesive waterproof membrane equipment,0,2,0%,4.5
supply large sbs asphalt waterproof membrane equipment factory,0,2,0%,5
custom sbs asphalt waterproofing membrane equipment factory,0,2,0%,6
sbs asphalt waterproofing membrane equipment wholesale,0,2,0%,6.5
wholesale polymer self-adhesive waterproof equipment,0,2,0%,6.5
high quality asphalt self-adhesive waterproof membrane equipment company,0,2,0%,7
high quality sbs waterproof membrane equipment wholesalers,0,2,0%,7
large sbs asphalt waterproof membrane equipment manufacture,0,2,0%,7
sbs modified asphalt waterproofing membrane equipment wholesale,0,2,0%,7
wholesale sbs modified asphalt waterproofing membrane equipment,0,2,0%,7
wholesale modified asphalt waterproof membrane equipment,0,2,0%,7.5
discount asphalt self-adhesive waterproof membrane equipment,0,2,0%,8
sbs waterproof membrane equipment factory,0,2,0%,8
asphalt self-adhesive waterproof membrane equipment promotions,0,2,0%,8.5
large sbs asphalt waterproof membrane equipment supply,0,2,0%,8.5
purchase large sbs asphalt waterproof membrane equipment,0,2,0%,8.5
sbs waterproof equipment production line customized,0,2,0%,8.5
custom sbs waterproof equipment production line,0,2,0%,9
customized sbs waterproof equipment production line,0,2,0%,9
high quality sbs waterproof equipment production line wholesalers,0,2,0%,9
china sbs waterproof membrane equipment quotes,0,2,0%,9.5
china sbs waterproof membrane equipment wholesale,0,2,0%,9.5
discount sbs waterproof equipment production line,0,2,0%,9.5
wholesale sbs asphalt waterproof coil,0,2,0%,9.5
sbs asphalt waterproof coil customized factory,0,2,0%,10
high quality sbs asphalt waterproof coil wholesalers,0,2,0%,11
sbs asphalt waterproof coil wholesalers,0,2,0%,11
sbs modified asphalt waterproofing membrane equipment wholesale factory,0,2,0%,11
sbs vs app membrane,0,2,0%,11
sbs asphalt waterproofing membrane equipment wholesalers,0,2,0%,12
waterproof bitumen tape,0,2,0%,18.5
self adhesive bituminous waterproofing membrane wholesaler,0,2,0%,20.5
bituminous sealing tape,0,2,0%,23.5
pu coating waterdicht,0,2,0%,23.5
self adhesive butyl rubber sheet,0,2,0%,24.5
sbs membrane waterproofing specifications,0,2,0%,26
self-adhesive bituminous membrane,0,2,0%,26
polyurethane waterproof coating for roof factory in china,0,2,0%,30
waterproofing manufacturer in china,0,2,0%,30
self-adhesive waterproofing membrane,0,2,0%,30.5
bitumen tape for roof waterproofing,0,2,0%,32
self adhesive hdpe liner,0,2,0%,33
polyurethane waterproof coating wholesale,0,2,0%,33.5
polyethylene waterproofing membrane wholesaler,0,2,0%,34.5
self adhesive bituminous membrane wholesaler in china,0,2,0%,36.5
sbs modified bituminous waterproof membrane wholesaler in china,0,2,0%,38
app modified bituminous waterproof membrane wholesale in china,0,2,0%,39
self adhesive bituminous waterproofing membrane wholesale in china,0,2,0%,39
bitumen joint tape,0,2,0%,40
polyurethane waterproofing products,0,2,0%,40
bitumen self adhesive sheet membrane wholesale,0,2,0%,40.5
self adhesive bitumen waterproof membrane wholesale in china,0,2,0%,40.5
torch-on bituminous membranes wholesale in china,0,2,0%,40.5
polyurethane waterproof coating for roof in china,0,2,0%,41.5
self adhesive bituminous membrane wholesale in china,0,2,0%,42
pu membrane waterproofing wholesale,0,2,0%,42.5
selfadhesive modified bituminous waterproof membrane supplier in china,0,2,0%,43
polyurethane waterproof coatings,0,2,0%,43.5
waterproofing membranes market,0,2,0%,44
app modified bituminous waterproof membrane wholesale,0,2,0%,45
polyurethane roof waterproofing,0,2,0%,45
self-adhesive waterproofing,0,2,0%,45
polyurethane waterproof coating wholesaler,0,2,0%,45.5
self-adhesive bituminous membrane wholesaler in china,0,2,0%,45.5
self-adhesive bituminous membranes factory in china,0,2,0%,46
polyethylene membrane waterproof,0,2,0%,47.5
waterproof metal,0,2,0%,47.5
waterproofing pvc membrane,0,2,0%,48
basement waterproofing material wholesaler in china,0,2,0%,48.5
membran pvc,0,2,0%,48.5
torch on bitumen waterproofing wholesaler in china,0,2,0%,49
bitumen self adhesive sheet membrane factory,0,2,0%,49.5
app modified bituminous waterproof membrane factory in china,0,2,0%,50
china waterproofing,0,2,0%,50.5
water based polyurethane waterproofing membrane wholesaler in china,0,2,0%,50.5
sbs modified,0,2,0%,51
torch-on bituminous membranes supplier in china,0,2,0%,51
polyethylene waterproofing,0,2,0%,51.5
self-adhesive bituminous membranes wholesaler in china,0,2,0%,51.5
bonded waterproofing membrane wholesale in china,0,2,0%,52
waterproof bitumen paint wholesale in china,0,2,0%,52
polyurethane membrane waterproofing,0,2,0%,53
rubberized asphalt flashing tape,0,2,0%,53
basement waterproofing material factory in china,0,2,0%,53.5
tin roof waterproofing,0,2,0%,54
waterproof coatings for metal roofs,0,2,0%,54.5
pu membrane waterproofing,0,2,0%,55
sbs modified bituminous waterproof membrane in china,0,2,0%,55
pvc roof waterproofing,0,2,0%,55.5
polyurethane liquid membrane waterproofing wholesaler in china,0,2,0%,57
torch-on bituminous membranes wholesaler in china,0,2,0%,57.5
podium membrane wholesale in china,0,2,0%,58
urethane membrane,0,2,0%,58
waterborne bitumen waterproofing coating in china,0,2,0%,58
geo membrane tank,0,2,0%,59
high elasticity polyurethane waterproofing coating,0,2,0%,59
self adhesive bituminous waterproofing membrane manufacturer in china,0,2,0%,59
polyurethane waterproofing membrane factory,0,2,0%,59.5
porous polyethylene membrane,0,2,0%,59.5
bitumen self adhesive sheet membrane wholesaler,0,2,0%,61.5
bitumen waterproofing wholesaler in china,0,2,0%,61.5
membrane in pvc,0,2,0%,61.5
pvc water resistant factory,0,2,0%,61.5
polyethylene waterproofing membrane wholesale,0,2,0%,63.5
app roof membranes,0,2,0%,64
polyurethane liquid membrane waterproofing,0,2,0%,64
foundation wall waterproofing membrane wholesale in china,0,2,0%,65
tunnel waterproof membrane,0,2,0%,65
basement wall waterproofing membrane wholesaler in china,0,2,0%,67
exterior basement waterproofing membrane in china,0,2,0%,67.5
commercial foundation waterproofing wholesaler in china,0,2,0%,68.5
orange waterproofing membrane for showers wholesaler in china,0,2,0%,68.5
loose laid waterproofing membrane wholesaler in china,0,2,0%,69
waterproofers wholesale in china,0,2,0%,70
interior basement wall waterproofing membrane supplier in china,0,2,0%,70.5
pu coating for waterproofing,0,2,0%,71
app bitumen membrane,0,2,0%,71.5
app roofing membrane,0,2,0%,71.5
basement waterproofing membrane wholesaler in china,0,2,0%,71.5
self adhesive bituminous waterproofing membrane wholesaler in china,0,2,0%,71.5
sbs membrane roofing system,0,2,0%,72
concrete foundation waterproofing membrane wholesaler in china,0,2,0%,73
exterior foundation waterproofing membrane wholesale in china,0,2,0%,74
interior basement waterproofing membrane supplier in china,0,2,0%,74.5
basement waterproofing material wholesale in china,0,2,0%,75
wall waterproofing membrane wholesale in china,0,2,0%,75.5
foundation waterproofing membrane wholesaler in china,0,2,0%,76
plasterboard waterproof membrane wholesaler in china,0,2,0%,76.5
polyurethane waterproof coating factory,0,2,0%,77
wall waterproofing membrane wholesaler in china,0,2,0%,77
exterior basement waterproofing membrane supplier in china,0,2,0%,78
orange waterproofing membrane for showers wholesale in china,0,2,0%,78
underground waterproofing membrane in china,0,2,0%,78
sbs modified bituminous waterproof membrane,0,2,0%,79
sbs roofing membrane,0,2,0%,79
app modified bituminous waterproof membrane,0,2,0%,80.5
tunnel waterproofing membrane,0,2,0%,80.5
exterior basement waterproofing membrane wholesaler in china,0,2,0%,81.5
sbs modified membrane,0,2,0%,82
basement wall membrane wholesale in china,0,2,0%,83
polyurethane waterproofing membrane wholesaler,0,2,0%,83.5
app roofing system,0,2,0%,84
bathroom waterproofing membrane wholesaler in china,0,2,0%,84.5
basement wall membrane wholesaler in china,0,2,0%,85
commercial basement waterproofing wholesaler in china,0,2,0%,85
app bitumen,0,2,0%,85.5
concrete roof waterproofing membrane wholesaler in china,0,2,0%,87
pu membrane waterproofing factory in china,0,2,0%,87.5
internal waterproofing membrane wholesaler in china,0,2,0%,88
polyurethane material waterproof,0,2,0%,88.5
concrete membrane wholesale in china,0,2,0%,90
polyurethane waterproofing membrane supplier in china,0,2,0%,92
paintable waterproof membrane wholesaler in china,0,2,0%,93.5
wall waterproofing membrane factory,0,2,0%,98
3mm bitumen membrane waterproofing sheet,0,1,0%,1
app and sbs waterproofing membrane,0,1,0%,1
bitumen membrane,0,1,0%,1
picture,0,1,0%,1
piture of it,0,1,0%,1
sbs membrane thickness,0,1,0%,1
self-adhered vs torch-on waterproofing membrane reviews,0,1,0%,1
show me pics,0,1,0%,1
صور للمنتج,0,1,0%,1
فوٹو,0,1,0%,1
guaina autoadesiva,0,1,0%,2
اعطني صور له,0,1,0%,2
asphalt self-adhesive waterproof membrane equipment brands,0,1,0%,3
pe pp,0,1,0%,3
bitumin tape,0,1,0%,4
jaký je rozdíl v ceně?,0,1,0%,4
self adhesive bituminous membrane wholesale,0,1,0%,4
فرق السعر,0,1,0%,4
app sheet for waterproofing,0,1,0%,5
exposed polyurethane waterproof coatings wholesaler,0,1,0%,5
how long is one roll,0,1,0%,5
purchase asphalt self-adhesive waterproof membrane equipment,0,1,0%,5
which is costly,0,1,0%,5
ممكن صور,0,1,0%,5
custom sbs modified asphalt waterproofing membrane equipment,0,1,0%,6
pou,0,1,0%,6
purchase sbs waterproof membrane equipment,0,1,0%,6
high quality sbs asphalt waterproof coil supplier,0,1,0%,7
polyurethane,0,1,0%,7
polyurethane (pu) waterproof coating,0,1,0%,7
sales large sbs asphalt waterproof membrane equipment,0,1,0%,7
sbs asphalt waterproof coil custom factory,0,1,0%,7
sbs waterproof membrane equipment customized factory,0,1,0%,7
wholesale modified asphalt waterproof coil factory,0,1,0%,7
custom sbs waterproof equipment production line factory,0,1,0%,8
customized large sbs asphalt waterproof membrane equipment,0,1,0%,8
sbs asphalt waterproof coil wholesale,0,1,0%,8
sbs waterproof equipment production line wholesalers,0,1,0%,8
self-adhesive bituminous membranes wholesale,0,1,0%,8
wholesale app waterproof membrane equipment factory,0,1,0%,8
fair price large sbs asphalt waterproof membrane equipment,0,1,0%,9
"high quality asphalt self-adhesive waterproof membrane equipment 
manufacturers",0,1,0%,9
high quality sbs waterproof equipment production line price,0,1,0%,9
large sbs asphalt waterproof membrane equipment company,0,1,0%,9
large sbs asphalt waterproof membrane equipment quotes,0,1,0%,9
low cost large sbs asphalt waterproof membrane equipment,0,1,0%,9
non woven geotextile fabric for drainage,0,1,0%,9
sbs waterproof equipment production line supply,0,1,0%,9
selfadhesive modified bituminous waterproof membrane wholesaler,0,1,0%,9
supply sbs modified asphalt waterproofing membrane equipment factory,0,1,0%,9
supply sbs waterproof equipment production line,0,1,0%,9
supply sbs waterproof equipment production line factory,0,1,0%,9
wholesale sbs waterproof equipment production line factory,0,1,0%,9
china large sbs asphalt waterproof membrane equipment quotes,0,1,0%,10
is dit een goede,0,1,0%,10
large sbs asphalt waterproof membrane equipment purchasing,0,1,0%,10
china asphalt self-adhesive waterproof membrane equipment customized,0,1,0%,11
geomembrane,0,1,0%,11
pvc waterproofing membrane roll,0,1,0%,11
sbs waterproof equipment production line quotes,0,1,0%,11
self adhesive bitumen flashing tape,0,1,0%,11
bitumen reparationstape,0,1,0%,12
self adhesive bituminous membrane for sale,0,1,0%,12
show me photo,0,1,0%,12
supplier,0,1,0%,12
waterproof,0,1,0%,13
mi ez,0,1,0%,14
was ist da s,0,1,0%,14
selfadhesive modified bituminous waterproof membrane wholesale in china,0,1,0%,15
app modified bitumen membranes,0,1,0%,16
basement waterproofing material manufacturer in china,0,1,0%,16
bitumen self adhesive sheet membrane wholesale in china,0,1,0%,16
bitumen waterproof tape,0,1,0%,16
exposed polyurethanewaterproof coating wholesaler,0,1,0%,16
basement waterproofing material supplier in china,0,1,0%,17
exposed polyurethanewaterproof coating wholesale,0,1,0%,18
rubber sealing tape,0,1,0%,18
self-adhesive bituminous membranes wholesale in china,0,1,0%,18
bitumen self adhesive sheet membrane wholesaler in china,0,1,0%,19
waterproof butyl sealing tape,0,1,0%,19
yah kis kam mein aata hai,0,1,0%,19
bitumen flashing,0,1,0%,20
factory price polyurethane waterproof coating,0,1,0%,20
polypropylene membrane,0,1,0%,20
polyurethane waterproofing coating for sale,0,1,0%,21
self-adhesive butyl tape,0,1,0%,21
bitumen waterproofing tape,0,1,0%,22
self adhesive bitumen waterproof membrane in china,0,1,0%,22
bitumen torch on membrane wholesale in china,0,1,0%,23
bituminous self adhesive membrane,0,1,0%,24
polymer waterproofing membrane wholesale,0,1,0%,24
pvc sheet membrane,0,1,0%,24
waterproof tape butyl,0,1,0%,24
bitumen self adhesive sheet membrane in china,0,1,0%,25
polyurethane waterproof coating for roof for sale,0,1,0%,25
sbs to sbs tie-in detail,0,1,0%,25
self adhesive bituminous waterproofing membrane supplier in china,0,1,0%,25
self-adhesive bituminous membrane wholesale,0,1,0%,25
selfadhesive modified bituminous waterproof membrane wholesaler in china,0,1,0%,25
waterproof butyl rubber tape,0,1,0%,25
bitumen sealant tape,0,1,0%,26
bitumen sealing tape,0,1,0%,26
bituminous flashing tape in china,0,1,0%,26
bituminous flashing tape supplier in china,0,1,0%,26
js500 coating,0,1,0%,26
self adhesive bitumen waterproof membrane wholesaler in china,0,1,0%,27
self adhesive bituminous membrane manufacturer in china,0,1,0%,27
self adhesive bituminous membrane supplier in china,0,1,0%,27
bitumen tape action,0,1,0%,28
bitumen tape near me,0,1,0%,28
bituminous waterproofing coating wholesale in china,0,1,0%,28
sbs modified bituminous waterproof membrane wholesale in china,0,1,0%,28
self-healing tunnel waterproofing material,0,1,0%,28
adhesive panel membrane factory,0,1,0%,29
bituminous waterproofing coatings & primer wholesale in china,0,1,0%,29
hdpe pre-applied memprane,0,1,0%,29
para que sirve esto,0,1,0%,29
polyethylene waterproofing membrane factory,0,1,0%,29
sbs vs app roofing,0,1,0%,29
self adhesive bituminous membrane in china,0,1,0%,29
fiberglass-based asphalt shingles wholesale in china,0,1,0%,30
high elasticity polyurethane waterproofing coating for sale,0,1,0%,31
self adhesive bitumen waterproof membrane supplier in china,0,1,0%,31
waterproof butyl tape,0,1,0%,31
bituminous tape for sealing,0,1,0%,32
pvc water proofing,0,1,0%,32
selfadhesive modified bituminous waterproof membrane,0,1,0%,32
selfadhesive modified bituminous waterproof membrane in china,0,1,0%,32
tpo waterproofing systems,0,1,0%,32
bitumen torch on membrane wholesaler in china,0,1,0%,33
butyl tape builders warehouse,0,1,0%,33
exposed polyurethane waterproof coatings for sale,0,1,0%,33
self-adhesive bituminous membrane factory in china,0,1,0%,33
bitumen roof flashing tape,0,1,0%,34
bitumen self adhesive sheet membrane manufacturer in china,0,1,0%,34
hdpe waterproofing membrane wholesale in china,0,1,0%,34
self adhesive bitumen sheet for sale,0,1,0%,34
anti leak waterproofing manufacturer in china,0,1,0%,35
hdpe preapplied waterproofing membrane for sale,0,1,0%,35
hdpe preapplied waterproofing membrane,0,1,0%,36
water proof pvc,0,1,0%,36
waterproof geotextile fabric,0,1,0%,36
app modified bituminous waterproof membrane manufacturer in china,0,1,0%,37
exposed polyurethanewaterproof coating,0,1,0%,37
self adhesive bituminous membrane factory in china,0,1,0%,37
app modified bituminous waterproof membrane wholesaler in china,0,1,0%,38
app vs sbs roofing,0,1,0%,38
waterproofing system market,0,1,0%,38
hdpe pre-applied membranes for sale,0,1,0%,39
polyurethane liquid membrane waterproofing wholesale in china,0,1,0%,39
anti leak waterproofing wholesaler in china,0,1,0%,41
pvc membranes products,0,1,0%,41
sbs modified bitumen waterproofing membrane,0,1,0%,41
self adhesive bitumen sheet in china,0,1,0%,41
self adhesive bitumen waterproof membrane for sale,0,1,0%,41
torch on bitumen waterproofing wholesale in china,0,1,0%,41
app modified waterproofing membrane,0,1,0%,42
bituminous flashing tape,0,1,0%,42
self-adhesive bituminous membrane wholesaler,0,1,0%,42
self-adhesive bituminous membranes wholesaler,0,1,0%,43
concrete roof waterproofing membrane wholesale in china,0,1,0%,44
fiberglass-based asphalt shingles manufacturer in china,0,1,0%,44
hdpe landfill liner,0,1,0%,44
self adhesive bitumen,0,1,0%,44
self adhesive bitumen waterproof membrane factory in china,0,1,0%,44
self adhesive waterproofing membranes,0,1,0%,44
self-adhesive bituminous membranes for sale,0,1,0%,44
water based polyurethane waterproofing membrane wholesale in china,0,1,0%,44
polyurethane liquid membrane waterproofing wholesaler,0,1,0%,46
pu waterproofing membrane for sale,0,1,0%,46
sbs self adhesive membrane,0,1,0%,46
60 mil pvc roofing membrane,0,1,0%,47
bitumen waterproofing for sale,0,1,0%,47
polyurea membrane wholesale in china,0,1,0%,47
tcm waterproofing,0,1,0%,47
tianyuan group,0,1,0%,47
torch on bitumen waterproofing supplier in china,0,1,0%,47
app modified bituminous waterproof membrane in china,0,1,0%,48
bitumen torch on membrane factory in china,0,1,0%,48
bituminous flashing tape factory,0,1,0%,48
fiberglass-based asphalt shingles factory in china,0,1,0%,48
sbs modified bituminous waterproof membrane for sale,0,1,0%,48
self adhering flashing tape,0,1,0%,48
self adhesive bitumen sheet wholesale in china,0,1,0%,48
urethane waterproofing coatings,0,1,0%,48
waterproof membrane for bathroom floor wholesale in china,0,1,0%,48
waterproof metal coating,0,1,0%,48
wide-gap waterproof type tile grout wholesale in china,0,1,0%,48
asia pacific waterproofing membrane market,0,1,0%,49
bitumen waterproofing factory in china,0,1,0%,49
bituminous waterproofing coating for sale,0,1,0%,49
two component polymer waterproofing mortar in china,0,1,0%,49
colore waterproof tetto metallo,0,1,0%,50
polyurethane waterproof coatings wholesaler,0,1,0%,50
pu membrane coating,0,1,0%,50
basement wall waterproofing membrane wholesale in china,0,1,0%,51
non woven polyester geotextile manufacturer in china,0,1,0%,51
polypropylene waterproof,0,1,0%,51
self adhesive tanking membrane,0,1,0%,51
waterproof sealing tape oem,0,1,0%,51
bituminous flashing tape for sale,0,1,0%,52
coolroof waterproofing membranes wholesaler in china,0,1,0%,52
js waterproof coating,0,1,0%,52
roof roof waterproofing and solutions polyurethane coating polyurethane,0,1,0%,52
waterproof coating for metal roof,0,1,0%,52
cement slurry waterproofing in china,0,1,0%,53
geosynthetics products wholesale in china,0,1,0%,53
membrane sbs,0,1,0%,53
polyurethane waterproof coating supplier,0,1,0%,53
pu waterproofing membrane wholesale,0,1,0%,53
self adhesive bitumen sheet factory,0,1,0%,53
bonded waterproofing membrane and vapor retarders wholesale in china,0,1,0%,54
non woven geotextile membrane in china,0,1,0%,54
polyethylene waterproofing membrane,0,1,0%,54
polyurethane coating waterproof,0,1,0%,54
waterproofing polyurethane,0,1,0%,54
below grade waterproofing membranes market,0,1,0%,55
bitumen waterproofing wholesaler,0,1,0%,55
membrane pvc,0,1,0%,55
uv resistant bitumen paint wholesale in china,0,1,0%,55
commercial restoration waterproofing membrane market,0,1,0%,56
outdoor tile membrane wholesale in china,0,1,0%,56
pvc mebran,0,1,0%,56
basement wall waterproofing membrane in china,0,1,0%,57
pu waterproofing membrane wholesale in china,0,1,0%,57
pvc membran,0,1,0%,57
pu membrane waterproofing wholesaler in china,0,1,0%,58
self-adhesive bitumen waterproof membrane,0,1,0%,58
high elasticity polyurethane waterproofing coating wholesaler,0,1,0%,59
waterproof polyurethane coating,0,1,0%,59
wide-gap waterproof type tile grout wholesaler in china,0,1,0%,59
bituminous waterproofing coatings & primer wholesale,0,1,0%,60
polyurethane waterproofing coating wholesaler,0,1,0%,60
urethane waterproofing coating,0,1,0%,60
wide-gap waterproof type tile grout supplier in china,0,1,0%,60
bitumen waterproofing paint for concrete manufacturer in china,0,1,0%,61
polyvinyl chloride waterproof factory,0,1,0%,61
self adhesive bitumen sheet wholesale,0,1,0%,61
self-adhesive bituminous membrane supplier in china,0,1,0%,61
hdpe waterproofing membrane wholesaler in china,0,1,0%,62
polyurethane membrane roofing,0,1,0%,62
waterproof concrete wholesale in china,0,1,0%,62
butyl rubber waterproofing,0,1,0%,63
interior basement waterproofing membrane in china,0,1,0%,63
pvc water resistant factory in china,0,1,0%,63
basement waterproofing cement in china,0,1,0%,64
bituminous flashing tape wholesaler,0,1,0%,64
foundation waterproofing membrane wholesale in china,0,1,0%,64
self adhesive waterproofing membrane wholesale,0,1,0%,64
water based polyurethane waterproofing membrane,0,1,0%,65
water based polyurethane waterproofing membrane in china,0,1,0%,65
basement waterproofing material in china,0,1,0%,66
basement waterproofing membrane in china,0,1,0%,66
bitumen waterproofing paint for concrete wholesale in china,0,1,0%,66
concrete wall waterproofing membrane wholesale in china,0,1,0%,66
pu membrane,0,1,0%,66
water based polyurethane waterproofing membrane wholesale,0,1,0%,66
water proof membrane for walls wholesale in china,0,1,0%,66
concrete waterproof wholesale in china,0,1,0%,67
exposed polyurethane waterproof coatings manufacturer in china,0,1,0%,67
exterior foundation waterproofing membrane factory in china,0,1,0%,67
podium membrane wholesaler in china,0,1,0%,67
two component polymer waterproofing mortar factory in china,0,1,0%,67
waterproofing paint with membrane wholesale in china,0,1,0%,67
exterior basement waterproofing membrane wholesale in china,0,1,0%,68
polyethylenmembran,0,1,0%,68
bitumen waterproofing paint for concrete factory in china,0,1,0%,69
geotextile for retaining wall wholesale in china,0,1,0%,69
outdoor tile membrane wholesaler in china,0,1,0%,69
polyurethane membrane,0,1,0%,69
self adhesive waterproofing membrane factory,0,1,0%,69
pu waterproofing material,0,1,0%,70
two component polymer waterproofing mortar supplier in china,0,1,0%,70
"water resistant polymer bonding agent and mortar strengthening additive 
wholesaler in china",0,1,0%,70
interior basement waterproofing membrane wholesale in china,0,1,0%,71
internal waterproofing membrane wholesale in china,0,1,0%,71
plasterboard waterproof membrane wholesale in china,0,1,0%,71
pvc water resistant supplier,0,1,0%,71
self adhesive waterproof membrane,0,1,0%,71
geotextile membrane for waterproofing wholesale in china,0,1,0%,72
interior basement wall waterproofing membrane in china,0,1,0%,72
interior basement wall waterproofing membrane wholesaler in china,0,1,0%,72
cementitious rigidwaterproof materials wholesaler in china,0,1,0%,73
hdpe membrane waterproofing,0,1,0%,73
interior basement waterproofing membrane manufacturer in china,0,1,0%,73
modified bitumen membrane,0,1,0%,73
polyvinyl chloride membrane,0,1,0%,73
app membrane waterproofing,0,1,0%,74
app of sbs bitumen,0,1,0%,74
water-resistant tile grout wholesale in china,0,1,0%,74
waterborne bitumen waterproofing coating wholesale,0,1,0%,74
2 ply sbs roof membrane,0,1,0%,75
basement waterproofing cement wholesale in china,0,1,0%,75
geotextiles for erosion control wholesale in china,0,1,0%,75
outdoor tile membrane supplier in china,0,1,0%,75
polyethylene waterproofing membrane wholesaler in china,0,1,0%,75
waterproofing membrane for concrete wholesale in china,0,1,0%,75
polyethylene waterproofing membrane supplier in china,0,1,0%,76
self adhesive waterproofing membrane supplier in china,0,1,0%,76
underground waterproofing membrane wholesale,0,1,0%,76
waterproof coating factory,0,1,0%,76
best foundation waterproofing membrane wholesale in china,0,1,0%,77
paintable waterproof membrane wholesale in china,0,1,0%,77
waterproofing pu,0,1,0%,77
app modified membrane,0,1,0%,78
commercial basement waterproofing supplier in china,0,1,0%,78
concrete waterproof wholesaler in china,0,1,0%,78
interior basement waterproofing membrane wholesaler in china,0,1,0%,78
tpu coating waterproof,0,1,0%,78
water proof membrane for walls wholesaler in china,0,1,0%,78
waterproof bitumen paint in china,0,1,0%,78
tw60 waterproof membrane whats it for,0,1,0%,79
waterborne bitumen waterproofing coating manufacturer in china,0,1,0%,79
basement wall waterproofing membrane factory in china,0,1,0%,80
cement slurry waterproofing manufacturer in china,0,1,0%,80
concrete wall waterproofing membrane manufacturer in china,0,1,0%,80
concrete wall waterproofing membrane wholesaler in china,0,1,0%,80
geofabric membrane wholesale in china,0,1,0%,80
waterproofing paint with membrane wholesaler in china,0,1,0%,80
bitumen waterproofing manufacturer in china,0,1,0%,81
sbs roof membrane,0,1,0%,81
self adhered waterproofing membrane factory,0,1,0%,81
bituminous waterproofing coating wholesaler,0,1,0%,82
concrete wall waterproofing membrane factory in china,0,1,0%,82
internal waterproofing membrane factory in china,0,1,0%,82
polymer waterproofing membrane wholesaler in china,0,1,0%,82
polyvinyl chloride waterproof,0,1,0%,82
underground waterproofing membrane supplier in china,0,1,0%,82
waterborne bitumen waterproofing coating factory in china,0,1,0%,82
waterborne bitumen waterproofing coating supplier in china,0,1,0%,82
balcony waterproofing membrane factory in china,0,1,0%,83
basement waterproofing membrane supplier in china,0,1,0%,83
polyurethane based waterproofing,0,1,0%,83
waterproofers factory in china,0,1,0%,83
app membrane full form,0,1,0%,84
exterior foundation waterproofing membrane wholesaler in china,0,1,0%,84
repairing waterproofing membrane wholesaler in china,0,1,0%,84
sbs modified bitumen membrane,0,1,0%,84
app waterproofing membrane,0,1,0%,85
bonded waterproofing membrane and vapor retarders supplier in china,0,1,0%,85
polyethylene waterproofing membrane manufacturer in china,0,1,0%,85
waterproof for concrete wholesaler in china,0,1,0%,85
bitumen waterproofing wholesale,0,1,0%,86
pu waterproofing membrane factory in china,0,1,0%,86
roof waterproofing solutions wholesale in china,0,1,0%,86
bituminous waterproofing coating supplier in china,0,1,0%,87
foundation waterproofing products wholesaler in china,0,1,0%,87
pu waterproofing membrane supplier in china,0,1,0%,87
sbs roofing definition,0,1,0%,87
waterproofing membranes wholesale in china,0,1,0%,87
commercial building waterproofing manufacturer in china,0,1,0%,88
polyethylene waterproofing membrane factory in china,0,1,0%,88
rainproof membrane wholesale in china,0,1,0%,88
sbs modified bitumen,0,1,0%,88
self adhesive waterproofing membrane wholesaler,0,1,0%,88
wall waterproofing membrane manufacturer in china,0,1,0%,88
impermeable geotextile membrane manufacturer,0,1,0%,89
polymer waterproofing membrane wholesale in china,0,1,0%,89
water based polyurethane waterproofing membrane manufacturer in china,0,1,0%,89
commercial basement waterproofing in china,0,1,0%,90
geotextile wall wholesale in china,0,1,0%,90
bituminous waterproofing coatings & primer wholesaler in china,0,1,0%,91
bonded waterproofing membrane and vapor retarders wholesale,0,1,0%,91
polymer waterproofing membrane,0,1,0%,91
polymer waterproofing membrane wholesaler,0,1,0%,91
rainproof membrane wholesaler in china,0,1,0%,91
waterproofing membranes wholesaler in china,0,1,0%,91
geotextile drainage membrane in china,0,1,0%,92
non woven geotextile membrane factory in china,0,1,0%,92
polyurea membrane wholesaler in china,0,1,0%,92
self adhered waterproofing membrane wholesaler,0,1,0%,92
tunnel waterproof,0,1,0%,92
best waterproofing membrane for shower wholesaler in china,0,1,0%,93
bonded waterproofing membrane wholesaler in china,0,1,0%,93
gas barrier membrane market,0,1,0%,93
geotextile membrane for waterproofing in china,0,1,0%,93
polyurethane waterproofing membrane in china,0,1,0%,93
pu waterproofing membrane in china,0,1,0%,93
uv resistant bitumen paint wholesaler in china,0,1,0%,93
orange waterproofing membrane for showers supplier in china,0,1,0%,94
pu waterproofing membrane wholesaler,0,1,0%,94
tpo waterproof membrane,0,1,0%,94
water proof membrane for walls supplier in china,0,1,0%,94
waterproof bitumen paint supplier in china,0,1,0%,94
mineral membrane wholesale in china,0,1,0%,95
polymer based waterproofing products wholesaler in china,0,1,0%,95
pu membrane waterproofing manufacturer in china,0,1,0%,95
roof waterproofing solutions in china,0,1,0%,95
wall waterproofing membrane in china,0,1,0%,95
app modified bitumen membrane,0,1,0%,96
geotextile membrane for waterproofing manufacturer in china,0,1,0%,96
best waterproofing membrane for shower wholesale in china,0,1,0%,97
waterproof membrane for bathroom floor wholesaler in china,0,1,0%,97
bituminous paint for concrete wholesale in china,0,1,0%,98
loose laid waterproofing membrane supplier in china,0,1,0%,98
mineral membrane wholesaler in china,0,1,0%,98
waterproof bitumen paint factory in china,0,1,0%,98
butyl tape manufacturer,0,1,0%,99
polymer waterproofing membrane manufacturer in china,0,1,0%,99
polymer waterproofing membrane supplier in china,0,1,0%,99
membrane for driveways in china,0,1,0%,100
water proof membrane for walls manufacturer in china,0,1,0%,100