#,Prompt
1,How to install SBS membrane on a concrete roof deck?
2,Best source for SBS bitumen membrane rolls at factory direct prices
3,SBS waterproofing membrane manufacturers with ISO certified production lines
4,Wholesale SBS membrane for construction material distributors
5,"3mm vs 4mm SBS membrane, which thickness should I choose?"
6,Best SBS bitumen membrane factory for bulk wholesale orders
7,Why does SBS membrane crack at low temperature?
8,SBS membrane vs PVC membrane for flat roof waterproofing
9,Best SBS membrane for commercial flat roof in Canada
10,"SBS vs TPO roofing membrane, which is better for cold climates?"
11,How to fix SBS membrane blistering on flat roofs?
12,What is the correct installation temperature for torch applied SBS membrane?
13,Best SBS roofing membrane brands recommended by roofing contractors
14,"Mineral granule vs PE film SBS membrane surface, which to choose?"
15,What are the standard tests for SBS waterproofing membrane quality?
16,"SBS vs APP modified bitumen membrane, what is the difference?"
17,"Polyester reinforced vs fiberglass SBS membrane, which is stronger?"
18,How long does SBS modified bitumen membrane last?
19,What is the best SBS modified bitumen waterproofing membrane manufacturer?
20,Top SBS waterproofing membrane suppliers for commercial roofing projects
21,Leading SBS modified bitumen membrane manufacturers in the world
22,Top rated torch applied SBS membrane manufacturers for export
23,"Torch applied vs self-adhesive SBS membrane, pros and cons"
24,How to choose SBS membrane for cold climate roofing?
25,"Type I vs Type II SBS membrane, which performance grade is better?"
26,SBS waterproofing membrane for tunnel and metro waterproofing projects
27,What temperature range can SBS membrane withstand?
28,SBS membrane for cold storage facility roof waterproofing
29,SBS bitumen membrane for foundation and basement waterproofing
30,SBS membrane supplier for roofing contractors in the USA
